aid,type,gender
Judge Reinhold,guest,male
Dana Carvey,cast,male
Phil Hartman,cast,male
Kevin Nealon,cast,male
G.E. Smith,crew,unknown
A. Whitney Brown,cast,male
Jon Lovitz,cast,male
Al Franken,cast,male
Jan Hooks,cast,female
"10,000 Maniacs",guest,unknown
Dennis Miller,cast,male
Tom Davis,cast,male
Christine Zander,crew,female
Victoria Jackson,cast,female
Nora Dunn,cast,female
Jason Aldean,guest,male
Gal Gadot,guest,male
Leslie Jones,cast,female
Heidi Gardner,cast,female
Kate McKinnon,cast,female
Luke Null,cast,male
Chris Redd,cast,male
Cecily Strong,cast,female
Melissa Villasenor,cast,female
Kenan Thompson,cast,male
Beck Bennett,cast,male
Pete Davidson,cast,male
Mikey Day,cast,male
Kyle Mooney,cast,male
Aidy Bryant,cast,female
Sam Smith,guest,male
Darrell Hammond,cast,male
Colin Jost,cast,male
Michael Che,cast,male
Steve Higgins,crew,male
Alex Moffat,cast,male
Alec Baldwin,guest,male
Ryan Gosling,guest,male
Emma Stone,guest,female
Lenny Pickett,crew,male
Jay-Z,guest,unknown
Damian Marley,guest,male
Tom Hanks,guest,male
Don Pardo,crew,male
Mark McKinney,cast,male
Randy Travis,guest,male
Andy Murphy,crew,male
Dan Aykroyd,cast,male
Justine Bateman,guest,female
Terrance Trent D'Arby,guest,male
Bob Odenkirk,crew,male
Jim Pitt,crew,male
John Zonars,crew,male
Carl Weathers,guest,male
Robbie Robertson,guest,male
BoDeans,guest,unknown
Maria McKee,guest,female
Robin Williams,guest,male
James Taylor,guest,male
Don Grolnick,crew,male
Leland Sklar,guest,male
Paul Simon,guest,male
Sen. Paul Simon,guest,unknown
Linda Ronstadt,guest,female
The Mariachi Vargas de Tecalitlan,guest,female
Marc Shaiman,crew,male
Angie Dickinson,guest,female
Buster Poindexter,guest,male
Soozie Tyrell,guest,unknown
The Banshees of Blue,guest,female
The Uptown Horns,guest,female
David Gilmour,guest,male
Cheryl Hardwick,crew,female
Leon Pendarvis,crew,male
Steve Turre,crew,male
T-Bone Wolk,crew,unknown
Danny DeVito,guest,male
Bryan Ferry,guest,male
Steve Jordan,crew,male
Rhea Perlman,guest,female
Candice Bergen,guest,female
John Henry Kurtz,unknown,male
Cher,guest,female
Paul Shaffer,cast,male
Sydney Biddle Barrows,guest,female
Robert Mitchum,guest,male
Simply Red,guest,unknown
Bentley Mitchum,guest,unknown
Jane Greer,guest,female
Ric Ocasek,unknown,unknown
Elvira,guest,female
Dabney Coleman,guest,unknown
The Cars,guest,female
Sean Penn,guest,male
LL Cool J,guest,unknown
Joe Dicso,crew,male
The Pull,guest,female
Steve Martin,guest,male
Sting,guest,male
Branford Marsalis,guest,unknown
Bruce Babbitt,guest,male
Scarlett Johansson,guest,female
Dwayne Johnson,guest,male
Vanessa Bayer,cast,female
Sasheer Zamata,cast,female
Bobby Moynihan,cast,male
Katy Perry,guest,female
Migos,guest,unknown
Melissa McCarthy,guest,female
HAIM,guest,unknown
Blake Lively,guest,female
Ryan Reynolds,guest,male
Donna Richards,crew,female
Ken Aymong,crew,male
Lorne Michaels,crew,male
Chris Pine,guest,male
LCD Soundsystem,guest,unknown
Akira Yoshimura,crew,male
Jimmy Fallon,cast,male
Harry Styles,guest,male
Nile Rodgers,guest,male
Rachel Dratch,cast,female
Louis C.K.,guest,male
The Chainsmokers,guest,female
Emily Warren,guest,female
Lorde,guest,female
Jack Antonoff,guest,male
Octavia Spencer,guest,female
Father John Misty,guest,unknown
Ed Sheeran,guest,male
Tracy Morgan,cast,male
Kristen Stewart,guest,female
Alessia Cara,guest,female
Aziz Ansari,guest,male
Big Sean,guest,unknown
Felicity Jones,guest,female
Tina Fey,cast,female
Bill Corsair,crew,male
Sturgill Simpson,guest,unknown
John Goodman,guest,male
Casey Affleck,guest,unknown
Fred Armisen,cast,male
Chance the Rapper,guest,male
Darryl McDaniels,guest,male
Danielle Flora,crew,female
Noname,guest,unknown
Bryan Cranston,guest,male
John Cena,guest,male
Maren Morris,guest,female
Shawn Mendes,guest,male
Jennifer Aniston,guest,female
Jason Sudeikis,cast,male
Kristen Wiig,cast,female
Will Forte,cast,male
The xx,guest,female
Dave Chappelle,guest,male
Chris Rock,cast,male
Donnell Rawlings,guest,male
A Tribe Called Quest,guest,unknown
Busta Rhymes,guest,unknown
Consequence,guest,unknown
Benedict Cumberbatch,guest,male
Anthony Rizzo,guest,male
David Ross,guest,male
Dexter Fowler,guest,male
Solange,guest,female
Bill Murray,cast,male
Lady Gaga,guest,unknown
Mark Ronson,guest,male
Emily Blunt,guest,female
Bruno Mars,guest,male
Lin-Manuel Miranda,guest,male
Twenty One Pilots,guest,unknown
Margot Robbie,guest,female
Larry David,crew,male
The Weeknd,guest,male
Taran Killam,cast,male
Jay Pharoah,cast,male
Jon Rudnitsky,cast,male
Andy Samberg,cast,male
Courtney Barnett,guest,female
Maya Rudolph,cast,female
Carrie Brownstein,guest,female
Drake,guest,male
Brie Larson,guest,female
Amy Davidson,guest,female
Heather Desaulniers,guest,female
Laura Campbell,guest,female
Alicia Keys,guest,female
Julia Louis-Dreyfus,cast,female
Tony Hale,guest,male
Nick Jonas,guest,male
Tove Lo,guest,female
Russell Crowe,guest,male
Al Sharpton,guest,male
Margo Price,guest,female
Mike O'Brien,cast,male
Peter Dinklage,guest,male
Gwen Stefani,guest,female
Ariana Grande,guest,female
Jonah Hill,guest,male
Future,guest,unknown
Kanye West,guest,male
El DeBarge,guest,female
Kelly Price,guest,female
Kirk Franklin,guest,male
The-Dream,guest,unknown
Young Thug,guest,female
Von Miller,guest,unknown
Al Roker,guest,male
Dylan Dreyer,guest,male
Natalie Morales,guest,female
Bernie Sanders,guest,male
The 1975,guest,female
Owen Wilson,guest,male
Ben Stiller,cast,male
Ronda Rousey,guest,female
Selena Gomez,guest,female
Wally Feresten,crew,male
Adam Driver,guest,male
Chris Stapleton,guest,male
Liev Schreiber,guest,unknown
Amy Poehler,cast,female
Bruce Springsteen & The E Street Band,guest,male
Amy Schumer,guest,female
Gayle King,guest,female
Paul McCartney,guest,male
Will Ferrell,cast,male
Chris Hemsworth,guest,male
Jeremih,guest,unknown
Mike Myers,cast,male
Leon Bridges,guest,male
Paula Pell,crew,female
Matthew McConaughey,guest,male
Daisy Ridley,guest,female
J.J. Abrams,guest,unknown
John Boyega,guest,male
Jon Hamm,guest,male
Michael Buble,guest,male
Adele,guest,female
Elizabeth Banks,guest,female
Don Roy King,unknown,male
Disclosure,guest,unknown
Donald Trump,guest,male
Ivanka Trump,guest,female
Martin Short,cast,male
Sia,guest,female
Gena Rositano,crew,female
Jack McBrayer,guest,male
Jane Krakowski,guest,female
Demi Lovato,guest,female
Nicki Minaj,guest,female
Miley Cyrus,guest,unknown
Hillary Clinton,guest,female
The Flaming Lips,guest,female
Rihanna,guest,female
Reese Witherspoon,guest,female
Betty Witherspoon,guest,female
Carolyn Bayer,guest,female
Elizabeth Thompson,guest,female
Georganne Bryant,guest,unknown
Ivory Steward,guest,male
Julie Moynihan,guest,female
Linda Mooney,guest,female
Penny Strong,guest,female
Ramona Farrow,guest,female
Sarah Bennett,guest,female
Florence + The Machine,guest,female
Wiz Khalifa,guest,unknown
Charlie Puth,guest,male
Taraji P. Henson,guest,female
Nikolaj Coster-Waldau,guest,male
Mumford & Sons,guest,unknown
Billy Crystal,cast,male
Jim Henson's Muppets,guest,male
Michael Keaton,guest,male
Carly Rae Jepsen,guest,female
Norman Reedus,guest,male
George Ezra,guest,male
Liam Hemsworth,guest,male
Luke Hemsworth,guest,male
Zac Brown Band,guest,unknown
Chris Cornell,guest,male
Dakota Johnson,guest,female
Don Johnson,guest,male
Melanie Griffith,guest,female
Alabama Shakes,guest,unknown
J.K. Simmons,guest,unknown
D'Angelo,guest,unknown
Blake Shelton,guest,male
Kent Sublette,crew,male
Kevin Hart,guest,male
Amy Adams,guest,female
Liam Payne,unknown,male
Louis Tomlinson,unknown,male
Niall Horan,unknown,male
Zayn Malik,unknown,male
One Direction,guest,female
Martin Freeman,guest,male
Charli XCX,guest,unknown
James Franco,guest,male
Seth Rogen,guest,male
Skylar Grey,guest,unknown
Cameron Diaz,guest,female
Mystikal,guest,unknown
Woody Harrelson,guest,male
Jennifer Lawrence,guest,female
Josh Hutcherson,guest,male
Uzo Aduba,guest,female
Kendrick Lamar,guest,male
Chantal Kreviazuk,guest,female
Jay Rock,guest,male
Prince,guest,male
3RDEYEGIRL,guest,unknown
Jim Carrey,guest,male
Jeff Daniels,guest,male
Iggy Azalea,guest,unknown
Rita Ora,guest,female
MO,guest,unknown
Bill Hader,cast,male
Harvey Fierstein,guest,male
Hozier,guest,male
Sarah Silverman,cast,female
Adam Levine,unknown,male
Maroon 5,guest,male
Chris Pratt,guest,male
Anna Faris,guest,female
Seth Meyers,cast,male
Lil Jon,guest,male
John Milhiser,cast,male
Nasim Pedrad,cast,female
Noel Wells,cast,female
Brooks Wheelan,cast,male
St. Vincent,guest,unknown
Paul Rudd,guest,male
Pharrell Williams,guest,unknown
Tatiana Maslany,guest,female
Akiva Schaffer,crew,male
Jorma Taccone,crew,male
2 Chainz,guest,unknown
Charlize Theron,guest,female
The Black Keys,guest,female
Barbara Walters,guest,female
Andrew Garfield,guest,male
Kiefer Sutherland,guest,male
Mary Lynn Rajskub,guest,female
Coldplay,guest,unknown
Chris Martin,unknown,male
Taylor Swift,guest,female
Zooey Deschanel,guest,unknown
Anna Kendrick,guest,female
Icona Pop,guest,unknown
Hans Zimmer,guest,male
Liam Neeson,guest,male
Lena Dunham,guest,female
The National,guest,female
Jim Parsons,guest,male
Beck,guest,male
James Anderson,crew,male
Imagine Dragons,guest,unknown
Leonardo DiCaprio,guest,male
Bastille,guest,unknown
Michael Cera,guest,male
Jhene Aiko,guest,unknown
Justin Timberlake,guest,male
Barry Gibb,guest,male
Madonna,guest,female
Michael Bloomberg,guest,male
Caleb Followill,unknown,male
Jared Followill,unknown,male
Matthew Followill,unknown,male
Nathan Followill,unknown,male
Robert DeNiro,guest,male
Sylvester Stallone,guest,male
Kings of Leon,guest,unknown
Wale,guest,unknown
David Koechner,cast,male
Steve Carell,guest,male
R. Kelly,guest,unknown
Kerry Washington,guest,female
Eminem,guest,unknown
Rick Rubin,guest,male
Edward Norton,guest,male
Janelle Monae,guest,female
Bruce Willis,guest,male
Aaron Paul,guest,male
Regine Chassagne,unknown,female
William Butler,unknown,male
Win Butler,unknown,unknown
Arcade Fire,guest,male
Ben Affleck,guest,male
Jennifer Garner,guest,female
Anderson Cooper,guest,male
Tim Robinson,cast,male
Aimee Mann,guest,female
J. Mascis,guest,unknown
Kim Gordon,guest,female
Michael Penn,guest,male
Steve Jones,guest,male
Jim Downey,cast,male
John Solomon,crew,male
Vampire Weekend,guest,unknown
Zach Galifianakis,guest,male
Bradley Cooper,guest,male
Ed Helms,guest,male
Of Monsters And Men,guest,unknown
Vince Vaughn,guest,male
Miguel,guest,male
Dennis Rodman,guest,male
Phoenix,guest,unknown
Chevy Chase,cast,male
Adam Epstein,unknown,male
Macklemore,guest,unknown
Ryan Lewis,guest,male
Wanz,guest,unknown
Ray Dalton,guest,male
Christoph Waltz,guest,male
Justin Bieber,guest,male
Whoopi Goldberg,guest,female
Jerry Seinfeld,guest,male
Danny McBride,guest,male
Mickey Madden,guest,male
The Lumineers,guest,female
The New York City Children's Chorus,guest,female
Samuel L. Jackson,guest,male
Joe Walsh,guest,male
Dave Grohl,guest,male
Krist Novoselic,guest,male
Pat Smear,guest,unknown
Jamie Foxx,guest,male
Ne-Yo,guest,unknown
Dermot Mulroney,guest,male
Charlie Day,guest,male
Jeremy Renner,guest,male
Chris Christie,guest,male
Anne Hathaway,guest,female
Fun.,guest,unknown
Usain Bolt,guest,unknown
Christina Applegate,guest,female
Passion Pit,guest,unknown
Chris Parnell,cast,male
Daniel Craig,guest,male
Muse,guest,unknown
Big Bird,unknown,unknown
Joseph Gordon-Levitt,guest,male
Seth MacFarlane,guest,male
Psy,guest,unknown
Frank Ocean,guest,male
John Mayer,guest,male
Abby Elliott,cast,female
Mick Jagger,guest,male
Nikolai Fraiture,guest,male
Foo Fighters,guest,unknown
Jeff Beck,guest,male
Chris Kattan,cast,male
Kay Ferrell,guest,male
Ana Gasteyer,cast,female
Usher,guest,unknown
Julian Casablancas,guest,male
Michael Bolton,guest,male
Natalie Portman,guest,female
Eli Manning,guest,male
Abby McGrew,guest,female
Chris Snee,guest,male
David Baas,guest,male
David Diehl,guest,male
Shaun O'Hara,guest,male
Sacha Baron Cohen,guest,male
Martin Scorsese,guest,male
Josh Brolin,guest,male
Steven Spielberg,guest,male
Gotye,guest,unknown
Kimbra,guest,female
Sofia Vergara,guest,female
Manolo Gonzalez,guest,male
John McEnroe,guest,male
The Shins,guest,female
Lindsay Lohan,guest,female
Jack White,guest,male
Ruby Amanfu,guest,female
Phil Hyms,crew,male
Sleigh Bells,guest,unknown
Bill O'Reilly,guest,male
Kate Upton,guest,female
Jean Dujardin,guest,male
Karmin,guest,unknown
Nicolas Cage,guest,male
Channing Tatum,guest,male
Bon Iver,guest,unknown
Daniel Radcliffe,guest,male
Paul Brittain,cast,male
Lana Del Rey,guest,female
Charles Barkley,guest,male
Kelly Clarkson,guest,female
Horatio Sanz,cast,male
Jude Law,guest,male
Matt Damon,guest,male
Val Kilmer,guest,female
Robyn,guest,female
Steve Buscemi,guest,male
Jason Segel,guest,male
Jon Huntsman,guest,male
Kermit The Frog,unknown,male
Florence Welch,unknown,female
Olivia Wilde,guest,female
Alan Wong,crew,male
Shelly Gossman,crew,female
Travie McCoy,guest,unknown
Hugh Jackman,guest,male
Foster The People,guest,male
Kenny G,guest,male
Lady Antebellum,guest,unknown
Radiohead,guest,unknown
Patricia Clarkson,guest,female
Susan Sarandon,guest,female
Chris Colfer,guest,male
Lindsey Buckingham,guest,male
Stephen Colbert,crew,male
Robert Smigel,cast,male
Robin Wright,guest,female
Ellie Goulding,guest,female
Helen Mirren,guest,female
Elton John,guest,male
Carmelo Anthony,guest,male
Leon Russell,guest,male
Jake Gyllenhaal,guest,male
Jessie J,guest,female
B.o.B,guest,unknown
The Strokes,guest,female
Russell Brand,guest,male
Chris Brown,guest,male
Linkin Park,guest,unknown
Jesse Eisenberg,guest,male
Dex Carvey,guest,unknown
Tom Carvey,guest,male
Mark Zuckerberg,guest,male
John Waters,guest,male
Gwyneth Paltrow,guest,female
Cee Lo Green,guest,unknown
Pee-Wee Herman,guest,male
Jeff Bridges,guest,male
Cookie Monster,unknown,unknown
Akon,guest,unknown
Jessica Alba,guest,female
Lil Wayne,guest,male
Mario Batali,guest,male
Rob Klein,crew,male
Diddy-Dirty Money,guest,unknown
Sean Combs,unknown,male
Swizz Beatz,guest,unknown
David Spade,unknown,male
John Mulaney,crew,male
Jane Lynch,guest,female
Ernest Borgnine,guest,male
Morgan Freeman,guest,male
Pusha T,guest,unknown
David Paterson,guest,male
Peter Sarsgaard,guest,male
Tom Petty,unknown,male
Jessi Klein,crew,female
John Lutz,crew,male
Jenny Slate,cast,female
Tom Petty & The Heartbreakers,guest,male
Betty White,guest,female
Molly Shannon,cast,female
Bridget Kelly,guest,female
Mr Hudson,guest,unknown
Gabourey Sidibe,guest,unknown
MGMT,guest,unknown
Ryan Phillippe,guest,male
Ke$ha,guest,unknown
Mark Sanchez,guest,male
Pearl Jam,guest,female
Anthony Anderson,guest,male
Brian Williams,guest,male
Dr. Mehmet Oz,guest,unknown
Jeremy Sisto,guest,male
Frank Rich,guest,male
Jennifer Lopez,guest,female
Ashton Kutcher,guest,male
Them Crooked Vultures,guest,unknown
Bryan Tucker,crew,male
Sharon Jones,guest,female
Sigourney Weaver,guest,female
James Cameron,guest,male
The Ting Tings,guest,female
Hannibal Buress,crew,male
Mike Tyson,guest,male
Taylor Lautner,guest,male
Bon Jovi,guest,unknown
Young Jeezy,guest,female
Dave Matthews,unknown,male
Al Gore,guest,male
Mindy Kaling,guest,female
Dave Matthews Band,guest,male
January Jones,guest,female
Black Eyed Peas,guest,unknown
Gerard Butler,guest,male
Shakira,guest,female
Drew Barrymore,guest,female
Justin Long,guest,male
Regina Spektor,guest,female
Elijah Wood,guest,male
Megan Fox,guest,female
U2,guest,unknown
Emily Spivey,crew,female
Brian Austin Green,guest,male
Michaela Watkins,cast,female
Casey Wilson,cast,female
Norm MacDonald,cast,male
Green Day,guest,unknown
Artie Lange,guest,male
Elisabeth Moss,guest,female
Ciara,guest,female
Zachary Quinto,guest,male
Leonard Nimoy,guest,male
Zac Efron,guest,unknown
Yeah Yeah Yeahs,guest,unknown
Simon Rich,crew,male
Richard Dean Anderson,guest,male
Ray LaMontagne,guest,male
Jessica Biel,guest,female
Jonas Brothers,guest,male
James Lipton,guest,male
T-Pain,guest,unknown
TV on the Radio,guest,unknown
Liz Cackowski,crew,female
Jason Mraz,guest,male
Britney Haas,guest,female
Craig Eastman,guest,male
Michael Daves,guest,male
Skip Ward,guest,male
Colbie Caillat,guest,unknown
Rosario Dawson,guest,female
Fleet Foxes,guest,unknown
Neil Patrick Harris,guest,male
Liza Minnelli,guest,female
Hugh Laurie,guest,male
John Malkovich,guest,male
T.I.,guest,unknown
Jamie-Lynn Sigler,guest,unknown
Molly Sims,guest,female
Tim McGraw,guest,male
Ludacris,guest,unknown
Beyonce,guest,unknown
Cindy McCain,guest,female
Sen. John McCain,guest,unknown
David Cook,guest,male
John Slattery,guest,male
Mark Wahlberg,guest,male
Sarah Palin,guest,female
Oliver Stone,guest,male
Queen Latifah,guest,female
The Killers,guest,female
Duffy,guest,male
Kumail Nanjiani,guest,unknown
Michael Phelps,guest,male
Debbie Phelps,guest,female
William Shatner,guest,male
Jared Fogel,guest,male
Marika Sawyer,crew,female
Nancy Walls,cast,female
Ricky Gervais,guest,male
Shia LaBeouf,guest,male
My Morning Jacket,guest,female
Doug Abeles,crew,male
Alex Baze,crew,male
Demi Moore,guest,female
Gnarls Barkley,guest,unknown
Christopher Walken,guest,male
Christopher Dodd,guest,male
Panic At The Disco,guest,unknown
Mariah Carey,guest,female
Vincent D'Onofrio,guest,male
Ellen Page,guest,female
Wilco,guest,male
Rudy Giuliani,guest,male
Amber Lee Ettinger,guest,female
Carrie Underwood,guest,female
Mike Huckabee,guest,male
Barack Obama,guest,male
Bono,guest,male
Matt Lauer,guest,male
Feist,guest,unknown
Jon Bon Jovi,guest,male
Richie Sambora,unknown,male
Marci Klein,crew,female
Taylor Hawkins,unknown,male
Jack Nicholson,guest,male
Spoon,guest,unknown
LeBron James,guest,unknown
Zach Braff,guest,male
Sen. Charles Schumer,guest,unknown
Bjork,guest,unknown
Avril Lavigne,guest,female
Peyton Manning,guest,unknown
Archie Manning,guest,male
Olivia Manning,guest,female
Snow Patrol,guest,unknown
Rainn Wilson,guest,male
Rashida Jones,guest,female
Michael Shoemaker,crew,male
Forest Whitaker,guest,male
Keith Urban,guest,male
Katreese Barnes,crew,unknown
Lily Allen,guest,female
Jeremy Piven,guest,male
AFI,guest,unknown
Common,guest,unknown
Annette Bening,guest,female
Matthew Fox,guest,male
Tenacious D,guest,unknown
Mary J. Blige,guest,female
Takeru Kobayashi,guest,male
Christina Aguilera,guest,female
Tony Bennett,guest,male
Ken Davitian,guest,male
John C. Reilly,guest,male
My Chemical Romance,guest,female
Jaime Pressly,guest,male
Corinne Bailey Rae,guest,female
Dane Cook,guest,male
Kevin Spacey,guest,male
Finesse Mitchell,cast,male
Nelly Furtado,guest,female
Timbaland,guest,unknown
Stacey Foster,crew,female
Jason Alexander,guest,male
Red Hot Chili Peppers,guest,unknown
Michael Lohan,guest,male
Antonio Banderas,guest,male
Matt Dillon,guest,male
J.B. Smoove,crew,unknown
Arctic Monkeys,guest,unknown
Dennis Haysbert,guest,male
Fall Out Boy,guest,unknown
Kelly Ripa,guest,female
Tamar,guest,female
Conan O'Brien,crew,male
Gideon Yago,guest,male
Death Cab For Cutie,guest,unknown
Jack Black,guest,male
Neil Young,guest,male
Johnny Knoxville,guest,male
Darlene Love,guest,female
Kyle Gass,guest,male
Tim Meadows,cast,male
Dave Foley,unknown,male
Phil Gordon,unknown,male
Alejandro Sanz,guest,male
James Blunt,guest,male
Eva Longoria,guest,female
Korn,guest,unknown
Jason Lee,guest,male
Lance Armstrong,guest,male
Sheryl Crow,guest,female
Scott Podsednik,guest,male
Catherine Zeta-Jones,guest,female
Franz Ferdinand,guest,male
Jon Heder,guest,male
Ashlee Simpson,guest,female
Rob Riggle,cast,male
Fred Willard,unknown,male
Queens of the Stone Age,guest,unknown
Paula Abdul,guest,female
Leo Allen,crew,male
Eric Slovin,crew,male
System of a Down,guest,unknown
Patti Forte,guest,female
Tom Brady,guest,male
Eve,guest,female
Matt Piedmont,crew,male
Jack Johnson,guest,male
G. Love,guest,unknown
Hilary Swank,guest,female
50 Cent,guest,unknown
Olivia,guest,female
Jason Bateman,guest,male
Jeff Richmond,crew,male
Paris Hilton,guest,female
Keane,guest,male
Paul Giamatti,guest,male
Sum41,guest,unknown
Topher Grace,guest,unknown
Destiny's Child,guest,unknown
Colin Farrell,guest,male
Scissor Sisters,guest,unknown
Brett Hull,guest,male
Luke Wilson,guest,male
Modest Mouse,guest,unknown
Kate Winslet,guest,female
Johnny Damon,guest,male
Proof,guest,unknown
Charlie Grandy,crew,male
Nelly,guest,female
Jaheim,guest,male
James Gandolfini,guest,male
Mary-Kate Olsen,guest,unknown
Ashley Olsen,guest,female
J-Kwon,guest,unknown
Snoop Dogg,guest,unknown
Janet Jackson,guest,female
Simon Cowell,guest,male
Carolyn Kepcher,guest,female
George Ross,guest,male
Toots and the Maytals,guest,unknown
Ben Harper,guest,male
Bootsy Collins,guest,unknown
The Roots,guest,female
N.E.R.D.,guest,unknown
Colin Firth,guest,male
Norah Jones,guest,female
Kelis,guest,female
Scott Wainio,crew,male
Megan Mullally,guest,female
Clay Aiken,guest,male
Nick Offerman,guest,male
Jeff Richards,cast,male
Jessica Simpson,guest,female
Nick Lachey,guest,male
G Unit,guest,unknown
Joe,guest,male
Jet,guest,female
Pink,guest,unknown
Missy Elliott,guest,female
Andy Roddick,guest,male
Trey Anastasio,guest,male
Outkast,guest,unknown
Halle Berry,guest,female
Britney Spears,guest,female
George Wendt,guest,male
Jim Belushi,cast,male
Kip King,guest,male
Dean Edwards,cast,male
Adrien Brody,guest,male
Elliot Brody,guest,male
Sylvia Plachy,guest,female
Sean Paul,guest,male
Wayne Wonder,guest,male
Lukasz Gottwald,crew,unknown
Nate Dogg,guest,female
Ray Romano,guest,male
Zwan,guest,unknown
Bernie Mac,guest,male
Good Charlotte,guest,unknown
Salma Hayek,guest,female
Lorenzo Lamas,unknown,male
Ms. Dynamite,guest,unknown
Jeff Bergman,unknown,male
Tom Kenny,unknown,male
Jack Handey,crew,male
T. Sean Shannon,crew,unknown
The Dixie Chicks,guest,female
Ray Liotta,guest,male
The Donnas,guest,female
Jeff Gordon,guest,male
Tipper Gore,guest,unknown
Allison Janney,guest,female
Bradley Whitford,guest,male
John Spencer,guest,male
Martin Sheen,guest,male
Richard Schiff,guest,male
Phish,guest,unknown
Brad Pitt,unknown,male
Harvey Keitel,guest,male
Adam Sandler,cast,male
Rob Schneider,cast,male
Brittany Murphy,guest,female
Kelly Rowland,guest,female
Garrett Morris,cast,male
Nia Vardalos,guest,female
Jean Fey,guest,male
Eric McCormack,guest,male
Lenny Kravitz,guest,male
The White Stripes,guest,female
Sarah Michelle Gellar,guest,female
Faith Hill,guest,female
Bruce Springsteen,unknown,male
Winona Ryder,guest,female
Alex Trebek,guest,male
Neil Diamond,guest,male
Moby,guest,unknown
Kirsten Dunst,guest,female
P.O.D.,guest,unknown
The Rock,guest,male
Andrew W.K.,guest,male
Jimmy Eat World,guest,male
Ian McKellen,guest,male
Kylie Minogue,guest,female
Jon Stewart,guest,male
George Plimpton,guest,male
Kurt Loder,unknown,male
Mike Judge,unknown,male
India.Arie,guest,unknown
Jonny Moseley,guest,male
Rip Taylor,guest,unknown
Josh Hartnett,guest,male
Ellen DeGeneres,guest,female
No Doubt,guest,unknown
Derek Jeter,guest,male
Patrick Ferrell,crew,male
David Cone,guest,male
David Wells,guest,male
Bubba Sparxxx,guest,unknown
Billy Bob Thornton,guest,male
Creed,guest,unknown
Ryan Adams,guest,male
Ja Rule,guest,female
Ashanti,guest,female
Case,guest,unknown
Tom Green,guest,male
Macy Gray,guest,female
Colin Quinn,cast,male
Seann William Scott,guest,unknown
Weezer,guest,unknown
Jerry Minor,cast,male
Lara Flynn Boyle,guest,female
Adam McKay,crew,male
Lou Reed,guest,male
Julia Stiles,guest,female
Pierce Brosnan,guest,male
Michelle Williams,unknown,female
Renee Zellweger,guest,female
Kid Rock,guest,unknown
Aerosmith,guest,unknown
David Copperfield,guest,male
Dennis McNicholas,crew,male
Becky Weinberg,guest,female
Max Weinberg,guest,male
Don Henley,guest,male
Katie Holmes,guest,female
Sean Hayes,guest,male
Michael Schur,crew,male
Shaggy,guest,unknown
Rikrok,guest,unknown
Rayvon,guest,unknown
Mark Elliot,unknown,male
Mena Suvari,guest,female
Janet Reno,guest,female
Charlie Sheen,guest,male
Lucy Liu,guest,female
Hugh Fink,crew,male
Beanie Sigel,guest,unknown
Memphis Bleek,guest,unknown
Hal Willner,crew,male
Mary Jane Green,guest,female
Richard Green,guest,male
David Gray,guest,male
Derek Harvie,guest,male
Glenn Humplik,guest,male
Shawn Greenson,guest,male
Calista Flockhart,guest,female
Ricky Martin,guest,male
Robert Carlock,crew,male
Baha Men,guest,male
Matt Walsh,crew,male
The Wallflowers,guest,female
Kate Hudson,guest,female
Nomar Garciaparra,guest,unknown
Rob Lowe,guest,male
Ralph Nader,guest,male
Dido,guest,female
Brendan Fraser,guest,male
Florence Henderson,guest,female
Gina Gershon,guest,female
Jackie Chan,guest,male
Cheri Oteri,cast,female
Joe C.,guest,male
Cheri Oteri's mother,guest,female
Kevin Brennan,crew,male
Tobey Maguire,guest,unknown
Sisqo,guest,unknown
Rich Francese,crew,male
Big Show,guest,unknown
Mick Foley,guest,male
Triple H,guest,unknown
Vince McMahon,guest,male
Steven Cragg,crew,male
AC/DC,guest,unknown
Joshua Jackson,guest,male
'N Sync,guest,unknown
Chris Kirkpatrick,unknown,male
J.C. Chasez,unknown,unknown
Joey Fatone,unknown,male
Lance Bass,unknown,male
The Statler Brothers,guest,female
Fiona Apple,guest,female
Julianna Margulies,guest,female
Noah Wyle,guest,male
DMX,guest,unknown
Alan Cumming,guest,male
Fat Joe,guest,unknown
Freddie Prinze Jr.,guest,male
Angie Everhart,guest,female
Ryan Shiraki,crew,male
Blink-182,guest,unknown
Michael Stipe,unknown,male
Joe Franken (II),guest,male
R.E.M.,guest,unknown
The Rockettes,guest,female
Christina Ricci,guest,female
John Carpenter,guest,male
Tim Herlihy,crew,male
Cheb Mami,guest,male
Garth Brooks,guest,male
Chris Gaines,guest,male
Dylan McDermott,guest,male
Dr. Dre,guest,male
Heather Graham,guest,female
Marc Anthony,guest,male
David Bowie,guest,male
Dean Winters,guest,male
Harold Perrineau,guest,male
Lee Tergesen,guest,male
A.J. Benza,guest,unknown
Rick Ludwin,guest,male
Howie Dorough,unknown,male
David Boreanaz,guest,male
Seth Green,guest,male
Backstreet Boys,guest,unknown
Monica Lewinsky,guest,female
Cuba Gooding Jr.,guest,unknown
Garbage,guest,unknown
Doris Roberts,guest,female
Peter Boyle,guest,male
The Corrs,guest,female
Stephanie Seymour,guest,female
Lucinda Williams,guest,female
Barenaked Ladies,guest,unknown
James Van Der Beek,guest,male
Everlast,guest,unknown
Bill Paxton,guest,male
Lori Nasso,crew,female
Debbie Matenopoulos,guest,female
Luciano Pavarotti,guest,male
Vanessa Williams,guest,female
Janice Pendarvis,guest,female
Lauryn Hill,guest,female
Jennifer Love Hewitt,guest,female
Muse Watson,guest,unknown
Adam Horovitz,unknown,male
Beastie Boys,guest,unknown
Joan Allen,guest,female
Jewel,guest,female
Eagle-Eye Cherry,guest,unknown
Chili Davis,guest,unknown
Graeme Lloyd,guest,male
Tino Martinez,guest,male
Alanis Morissette,guest,female
Lucy Lawless,guest,female
Judge Judy Sheindlin,guest,female
Chucky,guest,unknown
Elliott Smith,guest,male
Kelsey Grammer,guest,male
Shaquille O'Neal,guest,male
Christine Baranski,guest,female
Hal Linden,guest,male
Patti LuPone,guest,female
Wendy Melvoin,guest,female
The Smashing Pumpkins,guest,female
Jonathan Richman,guest,male
Tommy Larkins,guest,male
David Duchovny,guest,male
Nicholas Lea,guest,male
Puff Daddy,guest,unknown
Jimmy Page,guest,male
Jim Breuer,cast,male
Matthew Broderick,guest,male
Regis Philbin,guest,male
Bob Van Ry,crew,male
Natalie Merchant,guest,female
Greg Kinnear,guest,male
All Saints,guest,unknown
Bob Hoskins,guest,male
Lewis Lapham,guest,male
John Hurt,guest,male
Didi Conn,guest,female
Gilbert Gottfried,unknown,male
Molly Ringwald,unknown,female
Third Eye Blind,guest,unknown
Natasha Henstridge,guest,female
Julianne Moore,guest,female
Tom Gianas,crew,male
Scott Wolf,guest,male
Natalie Imbruglia,guest,female
Robert Duvall,guest,male
Roma Downey,guest,female
"Missy ""Misdemeanor"" Elliott",guest,female
Magoo,guest,unknown
Cindy Caponera,crew,female
Lou Marini,crew,male
Alan P. Rubin,crew,male
Paula Cole,guest,female
Portishead,guest,unknown
Frank Sebastiano,crew,male
Ben Folds Five,guest,male
Helen Hunt,guest,female
Cliff Floyd,guest,male
David Howard,guest,male
Gerald Williams,guest,male
Gregg Jefferies,guest,male
Jeff Fassero,guest,male
Mark Grudzielanek,guest,male
Mark Wohlers,guest,male
Marty Cordova,guest,male
Mike Sweeney,guest,male
Pedro Borbon Jr.,guest,male
Rondell White,guest,unknown
Russ Davis,guest,male
Scott Rolen,guest,male
Todd Hundley,guest,male
Todd Zeile,guest,male
Hanson,guest,unknown
Nathan Lane,guest,male
Ernie Sabella,guest,male
The Dallas Cowboys Cheerleaders,guest,female
Metallica,guest,unknown
Marianne Faithfull,guest,female
Sarah McLachlan,guest,female
Michael McKean,cast,male
Claire Danes,guest,female
Jane's Addiction,guest,unknown
Flea,guest,unknown
Chris Farley,cast,male
The Mighty Mighty Bosstones,guest,female
Bill Kurtis,guest,male
Mike Ditka,guest,male
Eric Dickerson,guest,male
Matthew Perry,guest,male
Ian Roberts,crew,male
Oasis,guest,unknown
Richard Jewell,guest,male
Jamiroquai,guest,unknown
Jeff Goldblum,guest,male
En Vogue,guest,unknown
Pamela Lee,guest,female
Tommy Lee,guest,male
Rollins Band,guest,unknown
Joe Pesci,guest,male
Spice Girls,guest,unknown
Mark Hamill,guest,male
Veruca Salt,guest,unknown
Trudie Styler,guest,female
Norm Hiscock,crew,male
Tina Turner,guest,female
Howard Stern,guest,male
Live,guest,unknown
Neve Campbell,guest,female
David Alan Grier,guest,male
Snoop Doggy Dogg,guest,unknown
Charlie Wilson,guest,male
Daz Dillinger,guest,unknown
John Cleese,guest,male
Michael Palin,guest,male
Rosie O'Donnell,guest,female
Whitney Houston,guest,female
Penny Marshall,guest,female
Georgia Mass Choir,guest,female
Cliff Robertson,guest,male
Rodney Dangerfield,guest,male
Bush,guest,unknown
Bob Dole,guest,male
Elizabeth Dole,guest,female
Robert Downey Jr.,cast,male
Evander Holyfield,guest,male
Abe Vigoda,guest,male
Bill Pullman,guest,male
New Edition,guest,unknown
Fred Wolf,cast,male
David Lander,guest,male
Lisa Kudrow,guest,female
Kerri Strug,guest,female
Soundgarden,guest,unknown
The Cure,guest,female
Jim Gaffigan,guest,male
Teri Hatcher,guest,female
Sam Waterston,guest,male
Erin Maroney,crew,female
Steve Forbes,guest,male
Rage Against The Machine,guest,unknown
Catherine Forbes,guest,female
Elizabeth Forbes,guest,female
Moira Forbes,guest,female
Roberta Forbes,guest,female
Sabina Beekman,guest,female
Sabina Forbes,guest,female
Gin Blossoms,guest,unknown
Elle MacPherson,guest,female
Everclear,guest,unknown
Tom Arnold,guest,male
Tupac Shakur,guest,unknown
Danny Boy,guest,male
Roger Troutman,guest,male
Danny Aiello,guest,male
Coolio,guest,unknown
Larry Brown,guest,male
L.V.,guest,unknown
Tori Amos,guest,female
George Pataki,guest,male
Joan Osborne,guest,female
Madeline Kahn,guest,female
Silverchair,guest,unknown
Anthony Edwards,guest,male
Laura Leighton,guest,female
Grant Show,guest,male
Rancid,guest,unknown
Quentin Tarantino,guest,male
Robert Hegyes,guest,male
Bill Bradley,guest,male
Lamar Alexander,guest,male
Gabriel Byrne,guest,male
Chipper Jones,guest,unknown
Chrissie Hynde,guest,female
Tom Glavine,guest,male
David Schwimmer,guest,male
Barry Williams,guest,male
Gary Coleman,guest,male
Jimmie Walker,guest,male
Jennifer Turner,guest,female
Katell Keineg,guest,female
Mariel Hemingway,guest,female
Beth McCarthy Miller,crew,female
Lisa Loeb,guest,female
Don Novello,cast,male
Blues Traveler,guest,unknown
Morwenna Banks,cast,female
Ellen Cleghorne,cast,female
Chris Elliott,cast,male
Michael Angarano,guest,male
Naomi Campbell,guest,female
Jay Mohr,cast,male
Rod Stewart,guest,male
Laura Kightlinger,cast,female
Bob Saget,guest,male
TLC,guest,unknown
Courteney Cox,guest,female
Damon Wayans,cast,male
Janeane Garofalo,cast,female
Dionne Farris,guest,female
Brian Dennehy,guest,male
The Tragically Hip,guest,female
Paul Reiser,guest,male
Billy Grundfest,guest,male
Steve Koren,crew,male
Dave Wilson,crew,male
Annie Lennox,guest,female
George Clooney,guest,male
Ian Maxtone-Graham,crew,male
The Cranberries,guest,female
Akeyla Cleghorne,crew,unknown
Bruce McCulloch,crew,male
Deion Sanders,guest,male
Manute Bol,guest,unknown
Bob Newhart,guest,male
Des'ree,guest,unknown
Marilyn Suzanne Miller,crew,female
Suzanne Pleshette,guest,female
David Hyde Pierce,guest,male
Luscious Jackson,guest,unknown
George Foreman,guest,male
Michael Buffer,guest,male
Hole,guest,unknown
Christian Slater,guest,male
Roseanne,guest,female
John Turturro,guest,male
Joey Buttafuoco,guest,male
David Hasselhoff,guest,male
Sarah Jessica Parker,guest,female
President George Bush,guest,unknown
Edie Brickell,guest,female
John Travolta,guest,male
Seal,guest,unknown
Marisa Tomei,guest,female
Bonnie Raitt,guest,female
Lew Morton,crew,male
Eric Clapton,guest,male
Bobby Bonilla,guest,male
Jack McDowell,guest,male
Lenny Dykstra,guest,male
Mo Vaughn,guest,male
Roger Clemens,guest,male
Heather Locklear,guest,female
Jay Leno,guest,male
Melanie Hutsell,cast,female
Julia Sweeney,cast,female
Rafael Fuchs,guest,male
The Pretenders,guest,female
Emilio Estevez,guest,male
Sy Sperling,guest,male
Dave Attell,crew,male
Steve Lookner,crew,male
David Mandel,crew,male
Dwight Yoakham,guest,male
Cindy Crawford,guest,female
Nancy Kerrigan,guest,female
Aretha Franklin,guest,female
Martin Lawrence,guest,male
Crash Test Dummies,guest,unknown
Kim Basinger,guest,female
UB40,guest,unknown
Billy Baldwin,guest,male
Stephen Baldwin,guest,male
Patrick Stewart,guest,male
Salt-N-Pepa,guest,unknown
Bernie Kopell,guest,female
Sara Gilbert,guest,female
Counting Crows,guest,unknown
Jason Patric,guest,male
Blind Melon,guest,unknown
Richard Simmons,guest,male
Sally Field,guest,female
Tony! Toni! Tone!,guest,unknown
Lili Haydn,guest,female
Charlton Heston,guest,unknown
Paul Westerberg,guest,male
Nicole Kidman,guest,female
Stone Temple Pilots,guest,male
Tom Schiller,cast,male
Jimmy Workman,guest,male
Casey Kasem,guest,unknown
Billy Joel,guest,male
Steven Tyler,unknown,male
Joe Perry,unknown,male
Laura Dern,guest,female
Shannen Doherty,guest,female
Ashley Hamilton,guest,female
Cypress Hill,guest,unknown
Muggsy Bogues,guest,unknown
Nirvana,guest,female
Skid Row,guest,unknown
RuPaul,guest,female
Kevin Kline,guest,male
Bonnie Turner,crew,female
Terry Turner,crew,female
Joel Godard,unknown,male
Willie Nelson,guest,male
Midnight Oil,guest,unknown
Warren Hutcherson,crew,male
Kirstie Alley,guest,female
Peter Gabriel,guest,male
Miranda Richardson,guest,female
Stephen Rea,guest,male
Soul Asylum,guest,unknown
Marv Albert,guest,male
The Bravados,guest,female
Cora Blige,guest,female
Linda McCartney,guest,female
Giorgio Armani,guest,male
Luke Perry,guest,male
Jeff Renaudo,crew,male
Joe Mantegna,guest,male
Grafton True,crew,unknown
Glenn Close,guest,female
The Black Crowes,guest,female
Mary Beth Hurt,guest,female
Roseanne Arnold,guest,female
Dick Butkus,guest,male
Sinbad,guest,unknown
Sade,guest,female
Morrissey,guest,unknown
Catherine O'Hara,guest,female
Arrested Development,guest,unknown
Spin Doctors,guest,unknown
Tim Robbins,guest,male
Sinead O'Connor,guest,unknown
Bobby Brown,guest,male
Siobhan Fallon,cast,female
Beth Cahill,cast,female
Sharon Stone,guest,female
Ken Stabler,guest,male
Mary Stuart Masterson,guest,female
Barbra Streisand,guest,female
Jason Priestley,guest,male
Teenage Fanclub,guest,unknown
Susan Dey,guest,female
C+C Music Factory,guest,unknown
Bruce Hornsby,guest,male
Ivan Neville,guest,male
Monk Boudreaux,guest,unknown
Rob Morrow,guest,male
Lew Del Gatto,crew,male
Susan Lucci,guest,female
Hammer,guest,unknown
Macaulay Culkin,guest,male
Kieran Culkin,guest,male
Tin Machine,guest,male
Linda Hamilton,guest,female
Edward Furlong,guest,male
Rachel Bolan,unknown,female
Sebastian Bach,unknown,male
John McLaughlin,guest,male
Arnold Schwarzenegger,guest,male
Ted Danson,guest,male
Color Me Badd,guest,unknown
Michael Jordan,guest,male
Public Enemy,guest,unknown
Jesse Jackson,guest,male
Spike Lee,guest,male
Spike Feresten,crew,male
Elvis Costello,guest,male
Andrew Robin,crew,male
Delta Burke,guest,unknown
Chris Isaak,guest,male
Silvertone,guest,unknown
Steven Seagal,guest,male
Randy Quaid,cast,male
Kate Pierson,guest,female
Jeremy Irons,guest,male
Fishbone,guest,unknown
Razor Ruddock,guest,unknown
Michael J. Fox,guest,male
Arthur Kent,guest,male
Roseanne Barr,guest,female
Deee-Lite,guest,unknown
Bootsy Collins & The Rubber Band,guest,unknown
Kevin Bacon,guest,male
INXS,guest,unknown
Vanilla Ice,guest,unknown
Dennis Quaid,guest,male
The Neville Brothers,guest,female
Elliott Gould,guest,male
Tony Randall,guest,male
Edie Brickell & New Bohemians,guest,female
Faith No More,guest,female
Dennis Hopper,guest,male
Bert Parks,guest,male
Olodum,guest,unknown
Jimmy Smits,guest,male
Bob Costas,guest,male
World Party,guest,unknown
Patrick Swayze,guest,male
Lisa Niemi,guest,female
George Steinbrenner,guest,male
The Time,guest,female
Hothouse Flowers,guest,unknown
Gene Rayburn,guest,male
Kyle MacLachlan,guest,male
Audrey Peart Dickman,crew,female
The Notting Hillbillies,guest,female
Andrew Dice Clay,guest,male
The Spanic Boys,guest,female
Julee Cruise,guest,unknown
The B-52's,guest,female
Gregory Daniels,crew,male
Corbin Bernsen,guest,male
The Smithereens,guest,female
Debra Winger,guest,female
The Pogues,guest,female
Fred Savage,guest,male
Joanne Savage,guest,female
Technotronic,guest,unknown
Kala Savage,guest,female
Rosie Perez,guest,female
Quincy Jones,guest,male
Tevin Campbell,guest,male
Andrae Crouch,guest,unknown
Sandra Crouch,guest,female
Kool Moe Dee,guest,unknown
Big Daddy Kane,guest,unknown
Melle Mel,guest,male
Quincy D III,guest,male
Siedah Garrett,guest,unknown
Al Jarreau,guest,male
Take 6,guest,male
Ed O'Neill,guest,male
Maury Povich,guest,male
Harry Connick Jr.,guest,male
Andie MacDowell,guest,female
Tracy Chapman,guest,female
Robert Wagner,guest,male
Aaron Neville,guest,male
K.D. Lang & The Reclines,guest,unknown
David Byrne,guest,male
Chris Evert,guest,male
Eurythmics,guest,unknown
James Woods,guest,male
Kathleen Turner,guest,female
Rick Moranis,guest,male
Rickie Lee Jones,guest,male
Timothy Busfield,guest,male
Paulina Porizkova,guest,female
Wayne Gretzky,guest,male
Janet Jones,guest,female
Fine Young Cannibals,guest,female
Geena Davis,guest,female
John Mellencamp,guest,male
Dolly Parton,guest,female
Mel Gibson,guest,female
Living Colour,guest,unknown
Danny Glover,guest,male
Mary Tyler Moore,guest,female
John Bowman,crew,male
William Hurt,guest,male
The Gipsy Kings,guest,female
Leslie Nielsen,guest,male
Beverly Johnson,guest,female
Cheryl Tiegs,guest,female
Kim Alexis,guest,female
Cowboy Junkies,guest,unknown
Luther Vandross,guest,male
Tony Danza,guest,male
John Hiatt,guest,male
The Goners,guest,female
Anita Baker,guest,female
Little Feat,guest,unknown
Bobby McFerrin,guest,male
The Bangles,guest,female
John Lithgow,guest,male
Johnny Clegg & Savuka,guest,male
Matthew Modine,guest,male
Morton Downey Jr.,guest,male
John Larroquette,guest,male
Randy Newman,guest,male
Mark Knopfler,guest,male
The Sugarcubes,guest,female
Douglas McGrath,guest,male
Fred Newman,guest,male
Laurie Metcalf,cast,female
Keith Richards,guest,male
Roy Orbison,guest,male
Garry Shandling,guest,male
Los Lobos,guest,unknown
Nell Campbell,guest,female
Tracey Ullman,guest,female
Mark Harmon,guest,male
Suzanne Vega,guest,female
Timbuk 3,guest,unknown
Al Camoin,crew,male
Wynton Marsalis,guest,unknown
Bob Hurst,guest,male
Don Braden,guest,male
Jeff Watts,guest,male
Marcus Roberts,guest,male
Anne Meara,guest,female
Jerry Stiller,guest,male
John Mahoney,guest,male
Julie Hagerty,guest,female
Nina Tremblay,guest,female
Brian McConnachie,crew,male
Percy Sledge,guest,male
Valerie Bertinelli,guest,female
Edwin Newman,guest,male
Eddie Van Halen,guest,male
The Robert Cray Band,guest,female
Bronson Pinchot,guest,male
Paul Young,guest,male
Bruce Hornsby & The Range,guest,male
Walter Payton,guest,male
Joe Montana,guest,male
Debbie Harry,guest,female
Chris Stein,guest,male
Kevin Meaney,guest,male
Lone Justice,guest,female
Griffin Dunne,guest,male
Steve Guttenberg,guest,male
Penn & Teller,guest,unknown
Eriq La Salle,guest,unknown
Fisher Stevens,guest,unknown
Eric Idle,guest,male
Art Garfunkel,guest,male
Ladysmith Black Mambazo,guest,unknown
Sam Kinison,guest,male
Seka,guest,female
Andy Breckman,crew,male
Ron Darling,guest,male
Rosanna Arquette,guest,female
Bill Wegman,guest,male
Malcolm-Jamal Warner,guest,unknown
Rosie Schuster,crew,female
Run DMC,guest,unknown
Christopher Durang,guest,male
Mauricio Smith,crew,male
Billy Martin,guest,male
Joan Cusack,cast,female
Terry Sweeney,cast,male
Danitra Vance,cast,female
Anjelica Huston,guest,female
Anthony Michael Hall,cast,male
George Clinton & The Parliament Funkadelic,guest,male
Thomas Dolby,guest,male
Carol Leifer,crew,female
Marvelous Marvin Hagler,guest,unknown
Jimmy Breslin,guest,male
Level 42,guest,unknown
Bob Christianson,crew,male
E.G. Daily,guest,unknown
Catherine Oxenberg,guest,female
Princess Elizabeth of Yugoslavia,guest,female
Laurie Anderson,guest,female
Oprah Winfrey,guest,female
Joe Jackson,guest,male
John Swartzwelder,crew,male
Francis Ford Coppola,guest,male
Philip Glass,guest,male
Rosanne Cash,guest,female
Mike The Dog,guest,male
Jerry Hall,guest,male
Stevie Ray Vaughan,guest,male
Double Trouble,guest,unknown
Jimmie Vaughan,guest,male
Ron Reagan,guest,male
Dan Vitale,cast,male
The Nelsons,guest,female
Dudley Moore,guest,male
Al Green,guest,male
Harry Dean Stanton,guest,male
The Replacements,guest,female
Teri Garr,guest,female
Dream Academy,guest,unknown
The Cult,guest,female
Steven Wright,guest,male
Mr. Mister,guest,male
Queen Ida,guest,female
Sheila E.,guest,female
Brandon Tartikoff,guest,male
Simple Minds,guest,unknown
Christopher Guest,cast,male
Howard Cosell,guest,male
Gary Kroeger,cast,male
Mary Gross,cast,female
Pamela Stephenson,cast,female
Rich Hall,cast,male
Kevin Kelton,crew,male
Frederick Koehler,crew,male
Greg Kihn,guest,male
Rob Riley,crew,male
Christopher Reeve,guest,male
Calvert DeForest,guest,unknown
Santana,guest,female
Anne Beatts,crew,female
Mr. T,guest,male
Hulk Hogan,guest,male
Steve Landesberg,guest,male
Liberace,guest,male
The Commodores,guest,female
Bob Orton,guest,male
Rowdy Roddy Piper,guest,male
Pamela Sue Martin,guest,female
Ann-Margret,guest,female
Lynn Swann,guest,female
Morgan Fairchild,guest,female
Dick Ebersol,crew,male
Andrew Smith,crew,male
Power Station,guest,unknown
Harry Anderson,guest,male
Waylon Jennings,guest,male
Johnny Cash,guest,male
June Carter Cash,guest,female
Bryan Adams,guest,male
Carol Burnett,guest,female
Alex Karras,guest,male
Roy Scheider,guest,male
Billy Ocean,guest,male
Harry Shearer,cast,male
John Waite,guest,male
Eddie Murphy,cast,male
Clint Smith,crew,male
Robert Plant & The Honeydrippers,guest,male
Ronnie Cuber,crew,male
Tom Malone,crew,male
Georg Wadenius,crew,male
Buddy Williams,crew,male
Alan Zweibel,cast,male
Willie Day,crew,male
Ringo Starr,guest,male
James Pickens Jr.,guest,male
Herbie Hancock,guest,unknown
Barbara Bach,guest,female
Ed Begley Jr.,guest,male
Billy Squier,guest,male
Lee Mayman,crew,male
Ed Asner,guest,male
The Kinks,guest,female
George Carlin,guest,male
Nate Herman,crew,female
Frankie Goes To Hollywood,guest,unknown
Bobby Fraraccio,crew,male
Chaka Khan,guest,female
Yvonne Hudson,cast,female
Heino Ripp,crew,male
Wintley Phipps,guest,unknown
Bob Uecker,guest,male
Dave Winfield,guest,male
Yogi Berra,guest,male
Peter Wolf,guest,male
Elliot Easton,guest,male
"Gordon ""Megabucks"" Worthy",guest,male
Leon Mobley,guest,male
Maurice Starr,guest,male
"Michael ""Spaceman"" Jonzun",guest,male
Thommy Price,guest,male
Reginald VelJohnson,guest,male
Rob Reiner,guest,male
The Thompson Twins,guest,female
Jamie Lee Curtis,guest,female
Joe Piscopo,cast,male
Ed Koch,guest,male
Father Guido Sarducci,guest,unknown
Betty Thomas,guest,female
Brad Hall,cast,male
Tim Kazurinsky,cast,male
Robin Duke,cast,female
Timothy Hutton,guest,male
Joel Hodgson,guest,male
Barry Bostwick,guest,male
Spinal Tap,guest,unknown
Soupy Sales,guest,unknown
George McGovern,guest,male
Clara Peller,guest,female
Frankie Pace,guest,unknown
Madness,guest,unknown
Eleanor McGovern,guest,female
Michael Douglas,guest,male
Deniece Williams,guest,female
Al Siegal,crew,male
Kool & The Gang,guest,unknown
The Fixx,guest,female
Adam Ant,guest,male
Paula Poundstone,guest,female
Don Rickles,guest,male
John Madden,guest,male
Stevie Wonder,guest,male
Dr. Joyce Brothers,guest,unknown
Billy Idol,guest,male
Mary Palin,guest,female
The Motels,guest,female
Huey Lewis & The News,guest,male
Flip Wilson,guest,male
Stevie Nicks,guest,female
Tom Smothers,guest,male
Dick Smothers,guest,male
Ron Luciano,guest,male
Tom Seaver,guest,male
Big Country,guest,unknown
Larry Holmes,guest,male
Jerry Lewis,guest,male
Loverboy,guest,unknown
Mick Fleetwood's Zoo,guest,male
Stray Cats,guest,unknown
14 Karat Soul,guest,unknown
John Candy,guest,male
Men At Work,guest,male
Eddy Grant,guest,male
Dick Cavett,guest,male
John Cougar,guest,male
Gene Siskel,guest,male
Roger Ebert,guest,male
Kevin Rowland & Dexy's Midnight Runners,guest,male
Don King,guest,male
Leslie Pollack,guest,female
Michael Davis,guest,male
Greg Dean,guest,male
Susan Saint James,guest,female
Michael McDonald,guest,male
Edgar Winter,guest,male
Joan Rivers,guest,female
David Susskind,guest,male
Musical Youth,guest,unknown
Robert Guillaume,guest,male
Duran Duran,guest,male
Bruce Dern,guest,male
Leon Redbone,guest,male
Beau Bridges,guest,male
Lloyd Bridges,guest,male
Laurie Zaks,crew,female
Howard Hesseman,guest,male
Milan Melvin,guest,male
Sid Caesar,guest,male
Joe Cocker,guest,male
Jennifer Warnes,guest,female
Dave Thomas,guest,male
The Bus Boys,guest,female
Lily Tomlin,guest,female
Andy Kaufman,guest,male
Barry Mitchell,guest,male
Lionel Richie,guest,male
Lawrence K. Grossman,guest,male
Laura Branigan,guest,female
Squeeze,guest,unknown
Robert Blake,guest,male
Merv Griffin,guest,male
Kenny Loggins,guest,male
The New Joe Jackson Band,guest,female
Bill Irwin,guest,male
Ron Howard,guest,male
Andy Griffith,guest,male
Rex Reed,guest,male
The Clash,guest,female
Louis Gossett Jr.,guest,male
George Thorogood & The Destroyers,guest,male
Eliot Wald,crew,male
John Zacherle,guest,male
Queen,guest,female
Olivia Newton-John,guest,female
Christine Ebersole,cast,female
Tony Rosato,cast,male
Graham Chapman,guest,male
Brian Doyle-Murray,cast,male
Liz Welch,crew,female
Christopher Lloyd,guest,male
Judd Hirsch,guest,male
Marilu Henner,guest,female
Neil Levy,crew,male
Ron Mael,unknown,male
Sparks,guest,unknown
Jerry Lawler,guest,male
Julia DeVito,guest,female
Robert Culp,guest,male
The Charlie Daniels Band,guest,female
Barry W. Blaustein,crew,male
Nelson Lyon,crew,male
Daniel J. Travanti,guest,male
Bruce Weitz,guest,male
Blythe Danner,guest,female
Robert Urich,guest,male
Mink De Ville,guest,unknown
Elizabeth Ashley,guest,female
Daryl Hall,guest,male
John Oates,guest,male
Joseph Papp,guest,male
James Coburn,guest,male
The Cholos,guest,female
Marc Weiner,guest,male
Marv Throneberry,guest,male
Jennifer Holliday,guest,female
Bob Zmuda,guest,male
Brent Musburger,guest,male
Robert Conrad,guest,male
The Allman Brothers Band,guest,female
Mark O'Donnell,crew,male
The Spinners,guest,female
The Yale Whiffenpoofs,guest,female
Tim Curry,guest,male
Frank Nelson,guest,male
Bryant Gumbel,guest,male
Meat Loaf,guest,unknown
Bernadette Peters,guest,female
David Sheffield,crew,male
The Go-Go's,guest,female
Lauren Hutton,guest,female
Rick James,guest,male
Stone City Band,guest,male
William Burroughs,guest,male
Emily Prager,cast,female
Donald Pleasence,guest,male
John Belushi,cast,male
Fear,guest,unknown
Andy Warhol,guest,male
George Kennedy,guest,male
Pete Fatovich,crew,male
Miles Davis,guest,male
Marcus Miller,crew,male
Michael O'Donoghue,cast,male
Denny Dillon,cast,male
Gail Matthius,cast,female
Jr. Walker & The All Stars,guest,unknown
Ann Risley,cast,female
Charles Rocket,cast,male
Matthew Laurance,cast,male
Delbert McClinton,guest,male
Bonnie Bramlett,guest,female
Mark King,guest,male
Karen Roston,crew,female
Patrick Weathers,cast,male
Charlene Tilton,guest,female
Todd Rundgren,guest,male
Deborah Harry,guest,female
Clem Burke,guest,male
Funky 4 + 1 More,guest,unknown
Sally Kellerman,guest,female
Jimmy Cliff,guest,male
Jim Fowler,guest,male
Robert Hays,guest,male
Michael Nesmith,guest,male
Harry Osborne,guest,male
"Joe ""King"" Carrasco & The Crowns",guest,male
Karen Black,guest,female
Cheap Trick,guest,unknown
Stanley Clarke Trio,guest,male
Ray Sharkey,guest,male
Elliott Randall,crew,male
Jack Bruce & Friends,guest,male
David Carradine,guest,male
George Rose,guest,male
Rex Smith,guest,male
"The cast of ""The Pirates of Penzance""",guest,female
Mitchell Kriegman,crew,male
Mitchell Laurance,crew,male
James Brown,guest,male
William Duff-Griffin,guest,male
Ellen Shipley,guest,female
Ellen Burstyn,guest,female
David Sanborn,crew,male
Keith Sykes,guest,male
Malcolm McDowell,guest,male
Captain Beefheart & The Magic Band,guest,unknown
Kid Creole & The Coconuts,guest,unknown
Buck Henry,guest,male
Matt Neuman,crew,male
Walter Williams,crew,male
Peter Aykroyd,cast,male
Jane Curtin,cast,female
Tom Gammill,crew,male
Laraine Newman,cast,female
Sarah Paley,crew,female
Max Pross,crew,male
Gilda Radner,cast,female
Andrew Gold,guest,male
Richard Belzer,crew,male
Nil Nichols,crew,female
The Voices Of Unity,guest,female
3-D,guest,unknown
Howard Johnson,crew,male
Howard Shore,crew,male
The Amazing Rhythm Aces,guest,female
Bruce Cockburn,guest,male
Strother Martin,guest,unknown
The Specials,guest,female
Burt Reynolds,guest,male
Anne Murray,guest,female
Paula Prentiss,guest,female
Richard Benjamin,guest,male
The Grateful Dead,guest,female
Carrie Fisher,guest,female
Sen. Daniel P. Moynihan,guest,unknown
Franne Lee,crew,unknown
The J. Geils Band,guest,female
Jerry Mathers,guest,male
Tony Dow,guest,male
Kirk Douglas,guest,male
Lucie Lancaster,guest,female
Sam & Dave,guest,male
Jack Garner,guest,male
Joan Hackett,guest,female
Gary Numan,guest,male
Bert Convy,guest,male
Tom Scott,guest,male
John B. Anderson,guest,male
Ted Knight,guest,male
Desmond Child & Rouge,guest,male
Buddy Rogers,guest,male
Diana Peckham,guest,female
Doc Zorthian,guest,unknown
Bea Arthur,guest,female
The Roches,guest,female
Bill Russell,guest,male
Ed Herlihy,guest,male
Chicago,guest,unknown
Bob Dylan,guest,male
Fred Tackett,guest,male
Blondie,guest,unknown
Bette Midler,guest,female
Will Lee,crew,male
Maureen Stapleton,guest,female
The Section,guest,female
Russ Kunkel,unknown,male
Milton Berle,guest,male
Craig Nettles,guest,male
Ornette Coleman,guest,unknown
Prime Time,guest,unknown
Buddy Freed,guest,male
Marvin Goldhar,guest,male
Nelson Briles,guest,male
Steve Henderson,guest,male
Ed Kranepool,guest,male
Margot Kidder,guest,female
The Chieftans,guest,female
Gary Busey,guest,male
Eubie Blake,guest,unknown
Gregory Hines,guest,male
Bob Cranshaw,crew,male
Bert Jones,crew,male
Paul Butterfield,guest,male
Rick Danko,guest,male
Kate Jackson,guest,female
Rick Nelson,guest,male
Judy Collins,guest,female
Cicely Tyson,guest,female
Talking Heads,guest,unknown
The Doobie Brothers,guest,female
Peter Tosh,guest,male
Bob & Ray,guest,male
Kate Bush,guest,female
Walter Matthau,guest,male
George Coe,cast,male
Charlie Matthau,guest,male
Bill Kreutzmann,unknown,male
Van Morrison,guest,male
Frank Zappa,guest,male
Devo,guest,unknown
Sun Ra,guest,unknown
Richard Dreyfuss,guest,male
Jimmy Buffett,guest,male
Gary Tigerman,guest,male
Toni Basil,unknown,female
Michael Sarrazin,guest,male
Keith Jarrett,guest,male
Gravity,guest,unknown
Eugene Record,guest,male
Christopher Lee,guest,male
Stacy Keach,guest,female
Rick Overton,guest,male
Cheetah Chrome,guest,unknown
Jill Clayburgh,guest,female
Eddie Money,guest,male
Stephen Bishop,guest,male
O.J. Simpson,guest,male
Ashford & Simpson,guest,unknown
Robert Klein,guest,male
The Dirt Band,guest,female
Miskel Spillman,guest,unknown
Joe Franken (I),guest,male
Phoebe Franken,guest,female
Mary Kay Place,guest,female
Connie Crawford,guest,female
David Lewis,guest,male
Deb Blair,guest,female
Richard Kneip,guest,male
The Original Sloth Band,guest,female
Ray Charles,guest,male
"David ""Fathead"" Newman",guest,male
Hank Crawford,guest,male
Leroy Cooper,guest,male
Marcus Belgrave,guest,male
Phillip Guilbeau,guest,male
The Raelettes,guest,female
Franklyn Ajaye,guest,male
Charles Grodin,guest,male
The Persuasions,guest,female
Toots Thielemans,guest,unknown
Hugh Hefner,guest,male
Libby Titus,guest,female
Taj Mahal,guest,unknown
Jackson Browne,guest,male
David Lindley,guest,male
Edie Baskin,crew,female
Kenny Vance,guest,male
David Lasley,crew,male
Dahaud Elias Shaar,crew,unknown
Bella Abzug,guest,female
Shelley Duvall,guest,female
Joan Armatrading,guest,female
Spalding Gray,unknown,unknown
Jeanette Charles,guest,female
Alan Price,guest,male
Neil Innes,guest,male
Gary Weis,crew,male
The McGarrigle Sisters,guest,female
Roslyn Kind,guest,female
Jacqueline Carlin,crew,female
Julian Bond,guest,male
Tom Waits,guest,male
Brick,guest,unknown
Patti Smith,guest,female
Jack Burns,guest,male
Broderick Crawford,guest,male
Dr. John,guest,unknown
Levon Helm,guest,male
The Meters,guest,female
Sissy Spacek,guest,female
Richard Baskin,guest,male
Buster Holmes,guest,male
Fran Tarkenton,guest,male
Leo Sayer,guest,male
Donny Harper & The Voices Of Tomorrow,guest,male
Bob Dryden,guest,male
Ruth Gordon,guest,female
Chuck Berry,guest,male
Ricky Jay,guest,male
George Benson,guest,male
Andrew Duncan,guest,male
Diana Nyad,guest,female
Jodie Foster,guest,female
Brian Wilson,guest,male
George Harrison,guest,male
Olivia Harrison,guest,female
Jim Keltner,guest,male
Ron Wood,guest,male
Ry Cooder,guest,unknown
Flaco Jimenez,guest,unknown
Bruce McCall,crew,male
The Band,guest,female
Kinky Friedman,guest,unknown
John Prine,guest,male
George Schultz,guest,male
Garry Trudeau,guest,male
Stuff,guest,unknown
Norman Lear,guest,male
Caroll O'Connor,guest,unknown
Isabel Sanford,guest,female
Jean Stapleton,guest,male
Nancy Walker,guest,female
Richard Crenna,guest,male
Sherman Helmsley,guest,male
Boz Scaggs,guest,unknown
Kate Lear,guest,female
Taylor Mead,guest,male
Kris Kristofferson,guest,male
Rita Coolidge,guest,female
Louise Lasser,guest,female
The Preservation Hall Jazz Band,guest,female
Wendell Craig,guest,male
Doris Powell,crew,female
Charlie Lowe,guest,male
Jonathan Dorn,guest,male
Harlan Collins,guest,male
Joyce Everson,guest,female
Gordon Lightfoot,guest,male
Dyan Cannon,guest,female
Leon & Mary Russell,guest,male
Carly Simon,guest,female
Raquel Welch,guest,female
Phoebe Snow,guest,female
John Sebastian,guest,male
President Gerald Ford,guest,unknown
Ron Nessen,guest,male
Patti Smith Group,guest,female
Jerry Rubin,guest,male
Anthony Perkins,guest,male
Betty Carter,guest,female
Chuck Scarborough,guest,male
The Singing Idlers,guest,female
Desi Arnaz,guest,male
Desi Arnaz Jr.,guest,male
Jenny Shapiro,unknown,female
The Shapiro Sisters,guest,female
Marshall Efron,guest,male
Al Alen Petersen,guest,male
Peter Cook,guest,male
Neil Sedaka,guest,male
Abbie Hoffman,guest,female
Bill Withers,guest,male
Paula Kahn,guest,female
Albert Brooks,guest,male
Clifford Einstein,guest,male
James L. Brooks,guest,male
Julie Payne,guest,female
Martha Reeves,guest,female
The Stylistics,guest,female
Margaret Kuhn,guest,female
Richard Pryor,guest,male
Gil Scott-Heron,guest,male
Annazette Chase,guest,unknown
Kathrine McKee,guest,female
Thalmus Rasulala,guest,unknown
Shelley Pryor,guest,female
Abba,guest,unknown
Loudon Wainwright III,guest,unknown
Esther Phillips,guest,female
Kay Lenz,guest,male
Rene Auberjonois,guest,male
The Lockers,guest,female
Mark Hampton,guest,male
Jesse Dixon Singers,guest,male
Connie Hawkins,guest,female
Billy Preston,guest,male
Janis Ian,guest,female
Valri Bromfield,guest,unknown
